{
    "accuracy": 0.8100558659217877,
    "conf_matrix": [
        [
            90,
            15
        ],
        [
            19,
            55
        ]
    ],
    "classfic_report": {
        "0": {
            "precision": 0.8256880733944955,
            "recall": 0.8571428571428571,
            "f1-score": 0.8411214953271028,
            "support": 105.0
        },
        "1": {
            "precision": 0.7857142857142857,
            "recall": 0.7432432432432432,
            "f1-score": 0.7638888888888888,
            "support": 74.0
        },
        "accuracy": 0.8100558659217877,
        "macro avg": {
            "precision": 0.8057011795543906,
            "recall": 0.8001930501930501,
            "f1-score": 0.8025051921079958,
            "support": 179.0
        },
        "weighted avg": {
            "precision": 0.8091625969233472,
            "recall": 0.8100558659217877,
            "f1-score": 0.8091929317716401,
            "support": 179.0
        }
    }
}